rep,researcher,region,site,microsite_number,microsite,lat ,long,date,temperature,humidity
325,mz,Cuyama,Cuyama_2,2,open,,,05/21/2022,28.04,1.89
169,ng,Mojave,Tecopa_1,3,triangle,35.85294,-116.18396,05/14/2022,39.13,4.92
161,ng,Mojave,Tecopa_1,1,shrub,35.85309,-116.18443,05/14/2022,38.42,5.03
164,ng,Mojave,Tecopa_1,2,shrub,35.85297,-116.18407,05/14/2022,38.68,5.03
137,mz,Mojave,Tecopa,3,high,35.85269,-116.18409,05/14/2022,39.85,5.03
163,ng,Mojave,Tecopa_1,1,triangle,35.85309,-116.18443,05/14/2022,38.77,5.07
172,ng,Mojave,Tecopa_1,4,triangle,35.85303,-116.18407,05/14/2022,38.24,5.16
167,ng,Mojave,Tecopa_1,3,shrub,35.85294,-116.18396,05/14/2022,38.42,5.17
171,ng,Mojave,Tecopa_1,4,square,35.85303,-116.18407,05/14/2022,38.71,5.22
173,ng,Mojave,Tecopa_open,1,open,35.85541,-116.17905,05/14/2022,37.54,5.23
170,ng,Mojave,Tecopa_1,4,shrub,35.85303,-116.18407,05/14/2022,37.76,5.23
174,ng,Mojave,Tecopa_open,2,open,35.85546,-116.17902,05/14/2022,37.46,5.27
175,ng,Mojave,Tecopa_open,3,open,35.85541,-116.17905,05/14/2022,37.73,5.27
166,ng,Mojave,Tecopa_1,2,triangle,35.85297,-116.18407,05/14/2022,38.76,5.27
145,mz,Mojave,Tecopa,4,high,35.85263,-116.18444,05/14/2022,39.46,5.32
133,mz,Mojave,Tecopa,3,high,35.85288,-116.18421,05/14/2022,38.15,5.34
146,mz,Mojave,Tecopa,4,high,35.85263,-116.18448,05/14/2022,38.7,5.34
156,mz,Mojave,Tecopa,3,open,,,05/14/2022,38.08,5.36
144,mz,Mojave,Tecopa,4,high,35.85276,-116.18447,05/14/2022,39.09,5.38
180,ng,Mojave,Tecopa_open,2,square,35.85546,-116.17902,05/14/2022,37.48,5.39
123,mz,Mojave,Tecopa,2,high,35.85288,-116.1833,05/14/2022,38.66,5.39
143,mz,Mojave,Tecopa,4,high,35.85278,-116.18451,05/14/2022,38.4,5.42
179,ng,Mojave,Tecopa_open,2,triangle,35.85546,-116.17902,05/14/2022,37.36,5.46
153,mz,Mojave,Tecopa,1,open,,,05/14/2022,37.39,5.46
154,mz,Mojave,Tecopa,2,open,,,05/14/2022,38.86,5.47
157,mz,Mojave,Tecopa,3,open,,,05/14/2022,36.71,5.48
136,mz,Mojave,Tecopa,3,high,35.85268,-116.18417,05/14/2022,38.58,5.49
134,mz,Mojave,Tecopa,3,high,35.85278,-116.18414,05/14/2022,37.84,5.5
142,mz,Mojave,Tecopa,4,high,35.85282,-116.18468,05/14/2022,37.15,5.58
135,mz,Mojave,Tecopa,3,high,35.85274,-116.18415,05/14/2022,37.64,5.59
155,mz,Mojave,Tecopa,2,open,,,05/14/2022,37.63,5.6
138,mz,Mojave,Tecopa,3,high,35.85266,-116.18423,05/14/2022,37.79,5.61
165,ng,Mojave,Tecopa_1,2,square,35.85297,-116.18407,05/14/2022,38.83,5.61
121,mz,Mojave,Tecopa,2,high,35.85289,-116.18333,05/14/2022,37.99,5.62
148,mz,Mojave,Tecopa,4,high,35.85253,-116.18451,05/14/2022,36.96,5.65
124,mz,Mojave,Tecopa,2,high,35.85283,-116.18314,05/14/2022,38.58,5.66
176,ng,Mojave,Tecopa_open,4,open,35.85549,-116.17905,05/14/2022,37.62,5.68
128,mz,Mojave,Tecopa,2,high,35.85271,-116.1833,05/14/2022,38.77,5.68
150,mz,Mojave,Tecopa,4,high,35.85263,-116.18472,05/14/2022,36.78,5.69
122,mz,Mojave,Tecopa,2,high,35.85285,-116.18329,05/14/2022,37.29,5.74
178,ng,Mojave,Tecopa_open,1,square,35.85541,-116.17905,05/14/2022,37.44,5.75
132,mz,Mojave,Tecopa,3,high,35.85291,-116.1843,05/14/2022,38,5.76
147,mz,Mojave,Tecopa,4,high,35.85258,-116.1845,05/14/2022,37.41,5.78
139,mz,Mojave,Tecopa,3,high,35.85268,-116.18422,05/14/2022,37,5.81
149,mz,Mojave,Tecopa,4,high,35.85265,-116.18465,05/14/2022,37.7,5.81
125,mz,Mojave,Tecopa,2,high,35.85272,-116.1832,05/14/2022,37.77,5.84
126,mz,Mojave,Tecopa,2,high,35.85273,-116.18323,05/14/2022,37.36,5.85
152,mz,Mojave,Tecopa,1,open,,,05/14/2022,37.52,5.85
114,mz,Mojave,Tecopa,1,high,35.8528,-116.18368,05/14/2022,36.95,5.89
127,mz,Mojave,Tecopa,2,high,35.85275,-116.18326,05/14/2022,37.81,5.97
141,mz,Mojave,Tecopa,3,high,35.85287,-116.18432,05/14/2022,36.68,6.04
113,mz,Mojave,Tecopa,1,high,35.85281,-116.18369,05/14/2022,36.48,6.06
151,mz,Mojave,Tecopa,4,high,35.85285,-116.18472,05/14/2022,36.68,6.07
115,mz,Mojave,Tecopa,1,high,35.85278,-116.18374,05/14/2022,35.6,6.1
129,mz,Mojave,Tecopa,2,high,35.85284,-116.18341,05/14/2022,36.41,6.1
118,mz,Mojave,Tecopa,1,high,35.85274,-116.18382,05/14/2022,36.04,6.14
112,mz,Mojave,Tecopa,1,high,35.85284,-116.18385,05/14/2022,35.39,6.18
162,ng,Mojave,Tecopa_1,1,square,35.85309,-116.18443,05/14/2022,38.95,6.19
140,mz,Mojave,Tecopa,3,high,35.8528,-116.18428,05/14/2022,36.78,6.21
117,mz,Mojave,Tecopa,1,high,35.85268,-116.18375,05/14/2022,36.39,6.27
177,ng,Mojave,Tecopa_open,1,triangle,35.85541,-116.17905,05/14/2022,37.25,6.27
131,mz,Mojave,Tecopa,3,high,35.85294,-116.18427,05/14/2022,36.74,6.28
111,mz,Mojave,Tecopa,1,high,35.85284,-116.18388,05/14/2022,34.77,6.41
159,mz,Mojave,Tecopa,4,open,,,05/14/2022,36.38,6.44
116,mz,Mojave,Tecopa,1,high,35.85269,-116.18375,05/14/2022,36.39,6.45
168,ng,Mojave,Tecopa_1,3,square,35.85294,-116.18396,05/14/2022,39.32,6.45
110,mz,Mojave,Tecopa,1,high,35.85288,-116.18394,05/14/2022,35.69,6.46
120,mz,Mojave,Tecopa,2,high,35.8529,-116.18345,05/14/2022,37.66,6.51
130,mz,Mojave,Tecopa,2,high,35.85283,-116.18346,05/14/2022,36.61,6.59
119,mz,Mojave,Tecopa,1,high,35.85277,-116.18387,05/14/2022,35.27,6.7
158,mz,Mojave,Tecopa,4,open,,,05/14/2022,37.07,6.76
420,mz,Mojave,Tecopa,1,open,,,05/26/2022,41.94,7.82
423,mz,Mojave,Tecopa,2,open,,,05/26/2022,39.48,8.05
424,mz,Mojave,Tecopa,3,open,,,05/26/2022,39.25,8.52
422,mz,Mojave,Tecopa,2,open,,,05/26/2022,38.94,8.78
425,mz,Mojave,Tecopa,3,open,,,05/26/2022,38.86,8.8
388,mz,Mojave,Tecopa,2,high,35.8529,-116.18345,05/26/2022,40.26,9.15
186,ng,Mojave,Tecopa_1,2,triangle,35.85297,-116.18407,05/26/2022,40.36,9.15
421,mz,Mojave,Tecopa,1,open,,,05/26/2022,39.19,9.16
395,mz,Mojave,Tecopa,2,high,35.85275,-116.18326,05/26/2022,40.51,9.17
392,mz,Mojave,Tecopa,2,high,35.85283,-116.18314,05/26/2022,40.66,9.19
185,ng,Mojave,Tecopa_1,2,square,35.85297,-116.18407,05/26/2022,40.11,9.25
394,mz,Mojave,Tecopa,2,high,35.85273,-116.18323,05/26/2022,40.21,9.27
397,mz,Mojave,Tecopa,2,high,35.85284,-116.18341,05/26/2022,39.98,9.28
396,mz,Mojave,Tecopa,2,high,35.85271,-116.1833,05/26/2022,40.21,9.3
391,mz,Mojave,Tecopa,2,high,35.85288,-116.1833,05/26/2022,40.48,9.32
184,ng,Mojave,Tecopa_1,2,shrub,35.85297,-116.18407,05/26/2022,40.56,9.34
390,mz,Mojave,Tecopa,2,high,35.85285,-116.18329,05/26/2022,40.23,9.38
393,mz,Mojave,Tecopa,2,high,35.85272,-116.1832,05/26/2022,39.82,9.43
378,mz,Mojave,Tecopa,1,high,35.85288,-116.18394,05/26/2022,39.66,9.46
398,mz,Mojave,Tecopa,2,high,35.85283,-116.18346,05/26/2022,40.29,9.46
183,ng,Mojave,Tecopa_1,1,triangle,35.85309,-116.18443,05/26/2022,39.68,9.49
192,ng,Mojave,Tecopa_1,4,triangle,35.85303,-116.18407,05/26/2022,39.42,9.52
382,mz,Mojave,Tecopa,1,high,35.8528,-116.18368,05/26/2022,39.57,9.53
389,mz,Mojave,Tecopa,2,high,35.85289,-116.18333,05/26/2022,39.66,9.53
188,ng,Mojave,Tecopa_1,3,square,35.85294,-116.18396,05/26/2022,39.63,9.54
187,ng,Mojave,Tecopa_1,3,shrub,35.85294,-116.18396,05/26/2022,39.72,9.55
383,mz,Mojave,Tecopa,1,high,35.85278,-116.18374,05/26/2022,39.44,9.62
191,ng,Mojave,Tecopa_1,4,square,35.85303,-116.18407,05/26/2022,39.49,9.63
190,ng,Mojave,Tecopa_1,4,shrub,35.85303,-116.18407,05/26/2022,39.73,9.63
182,ng,Mojave,Tecopa_1,1,square,35.85309,-116.18443,05/26/2022,39.59,9.67
381,mz,Mojave,Tecopa,1,high,35.85281,-116.18369,05/26/2022,39.26,9.68
181,ng,Mojave,Tecopa_1,1,shrub,35.85309,-116.18443,05/26/2022,29.74,9.71
379,mz,Mojave,Tecopa,1,high,35.85284,-116.18388,05/26/2022,39.12,9.72
380,mz,Mojave,Tecopa,1,high,35.85284,-116.18385,05/26/2022,39.04,9.75
384,mz,Mojave,Tecopa,1,high,35.85269,-116.18375,05/26/2022,39.18,9.76
414,mz,Mojave,Tecopa,4,high,35.85263,-116.18448,05/26/2022,39.12,9.77
387,mz,Mojave,Tecopa,1,high,35.85277,-116.18387,05/26/2022,39.26,9.77
189,ng,Mojave,Tecopa_1,3,triangle,35.85294,-116.18396,05/26/2022,39.05,9.81
412,mz,Mojave,Tecopa,4,high,35.85276,-116.18447,05/26/2022,39.18,9.86
386,mz,Mojave,Tecopa,1,high,35.85274,-116.18382,05/26/2022,39.12,9.87
410,mz,Mojave,Tecopa,4,high,35.85282,-116.18468,05/26/2022,39.15,9.87
413,mz,Mojave,Tecopa,4,high,35.85263,-116.18444,05/26/2022,39.16,9.89
405,mz,Mojave,Tecopa,3,high,35.85269,-116.18409,05/26/2022,38.89,9.94
419,mz,Mojave,Tecopa,4,high,35.85285,-116.18472,05/26/2022,38.87,9.98
385,mz,Mojave,Tecopa,1,high,35.85268,-116.18375,05/26/2022,38.83,10.01
417,mz,Mojave,Tecopa,4,high,35.85265,-116.18465,05/26/2022,38.74,10.03
427,mz,Mojave,Tecopa,4,open,,,05/26/2022,38.31,10.04
404,mz,Mojave,Tecopa,3,high,35.85268,-116.18417,05/26/2022,38.84,10.04
418,mz,Mojave,Tecopa,4,high,35.85263,-116.18472,05/26/2022,38.33,10.05
416,mz,Mojave,Tecopa,4,high,35.85253,-116.18451,05/26/2022,38.57,10.06
411,mz,Mojave,Tecopa,4,high,35.85278,-116.18451,05/26/2022,38.67,10.06
415,mz,Mojave,Tecopa,4,high,35.85258,-116.1845,05/26/2022,38.35,10.14
400,mz,Mojave,Tecopa,3,high,35.85291,-116.1843,05/26/2022,38.7,10.17
399,mz,Mojave,Tecopa,3,high,35.85294,-116.18427,05/26/2022,38.65,10.21
406,mz,Mojave,Tecopa,3,high,35.85266,-116.18423,05/26/2022,38.21,10.33
403,mz,Mojave,Tecopa,3,high,35.85274,-116.18415,05/26/2022,38.16,10.36
409,mz,Mojave,Tecopa,3,high,35.85287,-116.18432,05/26/2022,38.39,10.47
407,mz,Mojave,Tecopa,3,high,35.85268,-116.18422,05/26/2022,38.01,10.69
426,mz,Mojave,Tecopa,4,open,,,05/26/2022,39.2,10.82
402,mz,Mojave,Tecopa,3,high,35.85278,-116.18414,05/26/2022,38.51,10.96
408,mz,Mojave,Tecopa,3,high,35.8528,-116.18428,05/26/2022,37.83,11.07
401,mz,Mojave,Tecopa,3,high,35.85288,-116.18421,05/26/2022,38.28,12.18
91,ng,Carrizo,Carrizo_Soda Lake,2,square,35.05614,-119.60146,05/21/2022,18.36,12.81
84,ng,Carrizo,Carrizo_Soda Lake,4,open,35.05618,-119.60149,05/21/2022,27.69,13
353,mz,Carrizo,Carrizo_3,2,open,,,05/22/2022,29.19,13.1
361,mz,Carrizo,Carrizo_3,1,high,35.16315,-119.67391,05/22/2022,28.18,13.13
96,ng,Carrizo,Carrizo_Soda Lake,4,triangle ,35.05627,-119.60138,05/21/2022,28.46,13.15
92,ng,Carrizo,Carrizo_Soda Lake,2,triangle ,35.05614,-119.60146,05/21/2022,27.58,13.26
355,mz,Carrizo,Carrizo_3,1,high,35.16297,-119.67397,05/22/2022,28.42,13.3
352,mz,Carrizo,Carrizo_3,1,open,,,05/22/2022,27.8,13.37
88,ng,Carrizo,Carrizo_Soda Lake,8,open,35.05621,-119.60126,05/21/2022,27.6,13.42
377,mz,Carrizo,Carrizo_3,2,high,35.16273,-119.67458,05/22/2022,28.21,13.43
85,ng,Carrizo,Carrizo_Soda Lake,5,open,35.0562,-119.60149,05/21/2022,26.69,13.52
83,ng,Carrizo,Carrizo_Soda Lake,3,open,35.05614,-119.60146,05/21/2022,27.76,13.52
82,ng,Carrizo,Carrizo_Soda Lake,2,open,35.05613,-119.60137,05/21/2022,27.13,13.53
245,mz,Carrizo,Carrizo_3,2,open,,,05/17/2022,30.5,13.54
90,ng,Carrizo,Carrizo_Soda Lake,1,triangle ,35.05621,-119.60119,05/21/2022,27.21,13.59
365,mz,Carrizo,Carrizo_3,2,high,35.16299,-119.67388,05/22/2022,27.54,13.63
94,ng,Carrizo,Carrizo_Soda Lake,3,triangle ,35.0562,-119.60149,05/21/2022,26.95,13.65
86,ng,Carrizo,Carrizo_Soda Lake,6,open,35.05634,-119.60142,05/21/2022,26.72,13.67
364,mz,Carrizo,Carrizo_3,1,high,35.16309,-119.67374,05/22/2022,27.75,13.71
354,mz,Carrizo,Carrizo_3,2,open,,,05/22/2022,26.77,13.72
87,ng,Carrizo,Carrizo_Soda Lake,7,open,35.05627,-119.60138,05/21/2022,26.51,13.74
376,mz,Carrizo,Carrizo_3,2,high,35.16269,-119.67458,05/22/2022,27.55,13.75
93,ng,Carrizo,Carrizo_Soda Lake,3,square,35.0562,-119.60149,05/21/2022,26.82,13.8
95,ng,Carrizo,Carrizo_Soda Lake,4,square,35.05627,-119.60138,05/21/2022,27.1,13.8
369,mz,Carrizo,Carrizo_3,2,high,35.16292,-119.67452,05/22/2022,27.83,13.85
357,mz,Carrizo,Carrizo_3,1,high,35.16304,-119.67407,05/22/2022,28.08,13.86
347,mz,Carrizo,Carrizo_4,2,high,35.1194,-119.62821,05/22/2022,27.69,13.87
356,mz,Carrizo,Carrizo_3,1,high,35.16303,-119.67406,05/22/2022,27.5,13.89
371,mz,Carrizo,Carrizo_3,2,high,35.1629,-119.67468,05/22/2022,26.95,13.93
374,mz,Carrizo,Carrizo_3,2,high,35.16278,-119.67467,05/22/2022,27.11,13.98
319,mz,Cuyama,Cuyama_1,1,open,,,05/21/2022,27,14.03
81,ng,Carrizo,Carrizo_Soda Lake,1,open,35.05621,-119.60119,05/21/2022,26,14.11
370,mz,Carrizo,Carrizo_3,2,high,35.16293,-119.67468,05/22/2022,26.9,14.11
344,mz,Carrizo,Carrizo_4,2,high,35.11949,-119.62812,05/22/2022,27.44,14.17
345,mz,Carrizo,Carrizo_4,2,high,35.11948,-119.62814,05/22/2022,27.6,14.18
362,mz,Carrizo,Carrizo_3,1,high,35.16313,-119.67377,05/22/2022,26.71,14.2
346,mz,Carrizo,Carrizo_4,2,high,35.11944,-119.62811,05/22/2022,27.76,14.21
89,ng,Carrizo,Carrizo_Soda Lake,1,square,35.05621,-119.60119,05/21/2022,26.55,14.26
360,mz,Carrizo,Carrizo_3,1,high,35.16313,-119.67397,05/22/2022,27.6,14.28
358,mz,Carrizo,Carrizo_3,1,high,35.16312,-119.67412,05/22/2022,26.5,14.3
373,mz,Carrizo,Carrizo_3,2,high,35.16283,-119.67462,05/22/2022,26.3,14.32
348,mz,Carrizo,Carrizo_4,2,high,35.11928,-119.62825,05/22/2022,26.87,14.4
351,mz,Carrizo,Carrizo_3,1,open,,,05/22/2022,25.8,14.43
363,mz,Carrizo,Carrizo_3,1,high,35.1631,-119.67376,05/22/2022,27.44,14.46
332,mz,Carrizo,Carrizo_4,1,high,35.11956,-119.62884,05/22/2022,26.34,14.51
366,mz,Carrizo,Carrizo_3,2,high,35.16285,-119.67444,05/22/2022,25.78,14.53
334,mz,Carrizo,Carrizo_4,1,high,35.11949,-119.6289,05/22/2022,25.86,14.72
350,mz,Carrizo,Carrizo_4,2,high,35.1193,-119.62838,05/22/2022,26.83,14.73
368,mz,Carrizo,Carrizo_3,2,high,35.16291,-119.67451,05/22/2022,26.87,14.73
372,mz,Carrizo,Carrizo_3,2,high,35.16283,-119.67464,05/22/2022,25.88,14.74
349,mz,Carrizo,Carrizo_4,2,high,35.1193,-119.62836,05/22/2022,26.85,14.78
341,mz,Carrizo,Carrizo_4,2,high,35.11931,-119.62838,05/22/2022,26.44,14.8
359,mz,Carrizo,Carrizo_3,1,high,35.16315,-119.67398,05/22/2022,26.82,14.86
331,mz,Carrizo,Carrizo_4,1,high,35.11965,-119.62871,05/22/2022,25.94,14.89
333,mz,Carrizo,Carrizo_4,1,high,35.11949,-119.6288,05/22/2022,26,14.97
306,mz,Cuyama,Cuyama_2,1,high,34.85452,-119.48598,05/21/2022,27.28,15.13
367,mz,Carrizo,Carrizo_3,2,high,35.16288,-119.67448,05/22/2022,24.69,15.14
304,mz,Cuyama,Cuyama_2,1,high,34.85471,-119.48601,05/21/2022,26.21,15.14
113,ng,Carrizo,Carrizo_4,6,square,35.11912,-119.62924,05/22/2022,26.39,15.15
336,mz,Carrizo,Carrizo_4,1,high,35.11951,-119.62896,05/22/2022,25.34,15.16
335,mz,Carrizo,Carrizo_4,1,high,35.11945,-119.62898,05/22/2022,25.28,15.28
323,mz,Cuyama,Cuyama_2,1,open,,,05/21/2022,26.52,15.29
317,mz,Cuyama,Cuyama_2,2,high,34.85393,-119.48602,05/21/2022,26.13,15.32
375,mz,Carrizo,Carrizo_3,2,high,35.16271,-119.6747,05/22/2022,27.6,15.38
324,mz,Cuyama,Cuyama_2,2,open,,,05/21/2022,25.49,15.42
292,mz,Cuyama,Cuyama_1,2,high,34.84917,-119.48407,05/21/2022,26.28,15.45
289,mz,Cuyama,Cuyama_1,2,high,34.84934,-119.4842,05/21/2022,25.48,15.46
330,mz,Carrizo,Carrizo_4,1,high,35.11967,-119.62877,05/22/2022,26.21,15.5
321,mz,Cuyama,Cuyama_1,2,open,,,05/21/2022,24.7,15.53
114,ng,Carrizo,Carrizo_4,6,triangle ,35.11912,-119.62924,05/22/2022,26.39,15.54
296,mz,Cuyama,Cuyama_2,1,high,34.85431,-119.48598,05/21/2022,25.68,15.57
118,ng,Carrizo,Carrizo_4,8,shrub,35.11881,-119.6291,05/22/2022,26.21,15.58
280,mz,Cuyama,Cuyama_1,1,high,34.84874,-119.48393,05/21/2022,25.28,15.59
339,mz,Carrizo,Carrizo_4,2,open,,,05/22/2022,26.23,15.59
291,mz,Cuyama,Cuyama_1,2,high,34.84921,-119.48411,05/21/2022,25.69,15.61
288,mz,Cuyama,Cuyama_1,2,high,34.84929,-119.48425,05/21/2022,24.87,15.63
316,mz,Cuyama,Cuyama_2,2,high,34.85381,-119.48626,05/21/2022,25.38,15.63
340,mz,Carrizo,Carrizo_4,2,open,,,05/22/2022,25.43,15.67
342,mz,Carrizo,Carrizo_4,2,high,35.11953,-119.62814,05/22/2022,25.24,15.68
104,ng,Carrizo,Carrizo_4,3,square,35.11912,-119.62968,05/22/2022,26.29,15.69
299,mz,Cuyama,Cuyama_2,1,high,34.85441,-119.48611,05/21/2022,25.37,15.71
119,ng,Carrizo,Carrizo_4,8,square,35.11881,-119.6291,05/22/2022,26.29,15.71
297,mz,Cuyama,Cuyama_2,1,high,34.85429,-119.48615,05/21/2022,25.78,15.72
301,mz,Cuyama,Cuyama_2,1,high,34.85453,-119.48618,05/21/2022,25.36,15.74
282,mz,Cuyama,Cuyama_1,1,high,34.84877,-119.48405,05/21/2022,25.52,15.74
273,mz,Cuyama,Cuyama_1,1,high,34.84894,-119.4841,05/21/2022,25.1,15.77
309,mz,Cuyama,Cuyama_2,2,high,34.85348,-119.48561,05/21/2022,25.58,15.78
311,mz,Cuyama,Cuyama_2,2,high,34.8535,-119.48595,05/21/2022,26.32,15.78
315,mz,Cuyama,Cuyama_2,2,high,34.85369,-119.48623,05/21/2022,25.17,15.8
329,mz,Carrizo,Carrizo_4,1,high,35.11967,-119.62882,05/22/2022,25.7,15.8
110,ng,Carrizo,Carrizo_4,5,square,35.1191,-11962942,05/22/2022,26.22,15.82
281,mz,Cuyama,Cuyama_1,1,high,34.84865,-119.48393,05/21/2022,25.24,15.84
305,mz,Cuyama,Cuyama_2,1,high,34.8546,-119.48595,05/21/2022,25.85,15.85
294,mz,Cuyama,Cuyama_1,2,high,34.84911,-119.48419,05/21/2022,25.92,15.86
303,mz,Cuyama,Cuyama_2,1,high,34.85465,-119.48612,05/21/2022,25.28,15.87
302,mz,Cuyama,Cuyama_2,1,high,34.85458,-119.48613,05/21/2022,25.03,15.88
308,mz,Cuyama,Cuyama_2,2,high,34.85368,-119.48573,05/21/2022,25.28,15.88
272,mz,Cuyama,Cuyama_1,1,high,34.84892,-119.48418,05/21/2022,25.51,15.88
327,mz,Carrizo,Carrizo_4,1,high,35.11969,-119.62907,05/22/2022,25.81,15.88
343,mz,Carrizo,Carrizo_4,2,high,35.11961,-119.62805,05/22/2022,26.16,15.88
270,mz,Cuyama,Cuyama_1,1,high,34.84874,-119.48428,05/21/2022,25.39,15.89
338,mz,Carrizo,Carrizo_4,1,open,,,05/22/2022,25.31,15.9
214,mz,Cuyama,Cuyama_2,1,open,,,05/16/2022,28.65,15.9
276,mz,Cuyama,Cuyama_1,1,high,34.84889,-119.48411,05/21/2022,24.84,15.95
337,mz,Carrizo,Carrizo_4,1,open,,,05/22/2022,24.85,15.96
277,mz,Cuyama,Cuyama_1,1,high,34.84882,-119.48412,05/21/2022,25.36,15.97
278,mz,Cuyama,Cuyama_1,1,high,34.84882,-119.48399,05/21/2022,24.88,15.98
326,mz,Carrizo,Carrizo_4,1,high,35.1196,-119.629,05/22/2022,25.38,15.98
287,mz,Cuyama,Cuyama_1,2,high,34.84922,-119.48439,05/21/2022,25.42,15.98
314,mz,Cuyama,Cuyama_2,2,high,34.85366,-119.48608,05/21/2022,25.78,16
295,mz,Cuyama,Cuyama_1,2,high,34.84904,-119.48426,05/21/2022,24.91,16.02
74,ng,Carrizo,Carrizo_4,6,triangle ,35.11912,-119.62924,05/17/2022,28.25,16.02
109,ng,Carrizo,Carrizo_4,5,shrub,35.1191,-11962942,05/22/2022,26.01,16.06
112,ng,Carrizo,Carrizo_4,6,shrub,35.11912,-119.62924,05/22/2022,26.06,16.09
283,mz,Cuyama,Cuyama_1,2,high,34.84901,-119.48436,05/21/2022,24.81,16.1
328,mz,Carrizo,Carrizo_4,1,high,35.11969,-119.6289,05/22/2022,24.94,16.11
269,mz,Cuyama,Cuyama_1,1,high,34.84867,-119.48421,05/21/2022,25.07,16.11
298,mz,Cuyama,Cuyama_2,1,high,34.85437,-119.48611,05/21/2022,25.52,16.11
72,ng,Carrizo,Carrizo_4,6,shrub,35.11912,-119.62924,05/17/2022,28.23,16.12
290,mz,Cuyama,Cuyama_1,2,high,34.84928,-119.48416,05/21/2022,25,16.15
300,mz,Cuyama,Cuyama_2,1,high,34.85447,-119.48622,05/21/2022,25.53,16.15
116,ng,Carrizo,Carrizo_4,7,square,35.11908,-119.62905,05/22/2022,25.56,16.15
275,mz,Cuyama,Cuyama_1,1,high,34.84892,-119.48399,05/21/2022,24.68,16.17
107,ng,Carrizo,Carrizo_4,4,square,35.11908,-119.62946,05/22/2022,25.63,16.19
318,mz,Cuyama,Cuyama_1,1,open,,,05/21/2022,24.34,16.21
120,ng,Carrizo,Carrizo_4,8,triangle ,35.11881,-119.6291,05/22/2022,2.28,16.23
103,ng,Carrizo,Carrizo_4,3,shrub,35.11912,-119.62968,05/22/2022,25.54,16.23
106,ng,Carrizo,Carrizo_4,4,shrub,35.11908,-119.62946,05/22/2022,25.79,16.23
78,ng,Carrizo,Carrizo_4,8,shrub,35.11881,-119.6291,05/17/2022,26.35,16.23
208,mz,Cuyama,Cuyama_2,2,high,34.85393,-119.48602,05/16/2022,27.85,16.23
73,ng,Carrizo,Carrizo_4,6,square,35.11912,-119.62924,05/17/2022,28.03,16.25
271,mz,Cuyama,Cuyama_1,1,high,34.84882,-119.48426,05/21/2022,25.05,16.3
117,ng,Carrizo,Carrizo_4,7,triangle ,35.11908,-119.62905,05/22/2022,26.2,16.3
194,mz,Cuyama,Cuyama_2,1,high,34.85465,-119.48612,05/16/2022,28.19,16.3
310,mz,Cuyama,Cuyama_2,2,high,34.85355,-119.48567,05/21/2022,25.63,16.31
293,mz,Cuyama,Cuyama_1,2,high,34.84916,-119.4842,05/21/2022,24.85,16.33
80,ng,Carrizo,Carrizo_4,8,triangle ,35.11881,-119.6291,05/17/2022,27.33,16.33
322,mz,Cuyama,Cuyama_2,1,open,,,05/21/2022,23.79,16.4
279,mz,Cuyama,Cuyama_1,1,high,34.84875,-119.48398,05/21/2022,25.1,16.42
79,ng,Carrizo,Carrizo_4,8,square,35.11881,-119.6291,05/17/2022,26.98,16.44
274,mz,Cuyama,Cuyama_1,1,high,34.84896,-119.48405,05/21/2022,24.26,16.45
108,ng,Carrizo,Carrizo_4,4,triangle ,35.11908,-119.62946,05/22/2022,25.26,16.46
193,mz,Cuyama,Cuyama_2,1,high,34.85458,-119.48613,05/16/2022,28.1,16.48
313,mz,Cuyama,Cuyama_2,2,high,34.85356,-119.48605,05/21/2022,24.89,16.51
307,mz,Cuyama,Cuyama_2,2,high,34.85379,-119.48594,05/21/2022,25.16,16.51
286,mz,Cuyama,Cuyama_1,2,high,34.84922,-119.48441,05/21/2022,24.25,16.53
285,mz,Cuyama,Cuyama_1,2,high,34.84915,-119.48448,05/21/2022,23.84,16.6
64,ng,Carrizo,Carrizo_4,3,square,35.11912,-119.62968,05/17/2022,27.81,16.61
111,ng,Carrizo,Carrizo_4,5,triangle ,35.1191,-11962942,05/22/2022,25.01,16.64
284,mz,Cuyama,Cuyama_1,2,high,34.84911,-119.48445,05/21/2022,23.98,16.76
115,ng,Carrizo,Carrizo_4,7,shrub,35.11908,-119.62905,05/22/2022,24.88,16.84
195,mz,Cuyama,Cuyama_2,1,high,34.85471,-119.48601,05/16/2022,27.1,16.87
244,mz,Carrizo,Carrizo_3,2,open,,,05/17/2022,27.87,16.88
206,mz,Cuyama,Cuyama_2,2,high,34.85369,-119.48623,05/16/2022,26.96,16.9
38,ng,Carrizo,Carrizo_Soda Lake,3,triangle ,35.0562,-119.60149,05/11/2022,20.41,16.91
197,mz,Cuyama,Cuyama_2,1,high,34.85452,-119.48598,05/16/2022,27.99,16.92
202,mz,Cuyama,Cuyama_2,2,high,34.8535,-119.48595,05/16/2022,27.28,16.93
312,mz,Cuyama,Cuyama_2,2,high,34.85362,-119.48598,05/21/2022,24.39,16.96
63,ng,Carrizo,Carrizo_4,3,shrub,35.11912,-119.62968,05/17/2022,27.85,16.99
217,mz,Carrizo,Carrizo_4,1,high,35.1196,-119.629,05/17/2022,28.05,16.99
189,mz,Cuyama,Cuyama_2,1,high,34.85437,-119.48611,05/16/2022,26.84,17.01
172,mz,Cuyama,Cuyama_1,1,high,34.84865,-119.48393,05/16/2022,26.38,17.03
196,mz,Cuyama,Cuyama_2,1,high,34.8546,-119.48595,05/16/2022,27.07,17.03
58,ng,Carrizo,Carrizo_4,1,square,35.11949,-119.62963,05/17/2022,27.56,17.04
204,mz,Cuyama,Cuyama_2,2,high,34.85356,-119.48605,05/16/2022,27.53,17.05
171,mz,Cuyama,Cuyama_1,1,high,34.84874,-119.48393,05/16/2022,26.21,17.07
201,mz,Cuyama,Cuyama_2,2,high,34.85355,-119.48567,05/16/2022,27.99,17.07
100,ng,Carrizo,Carrizo_4,2,shrub,35.11929,-119.62958,05/22/2022,24.62,17.1
65,ng,Carrizo,Carrizo_4,3,triangle ,35.11912,-119.62968,05/17/2022,27.32,17.12
77,ng,Carrizo,Carrizo_4,7,triangle ,35.11908,-119.62905,05/17/2022,27.21,17.13
192,mz,Cuyama,Cuyama_2,1,high,34.85453,-119.48618,05/16/2022,27.44,17.15
187,mz,Cuyama,Cuyama_2,1,high,34.85431,-119.48598,05/16/2022,27.11,17.25
59,ng,Carrizo,Carrizo_4,1,triangle ,35.11949,-119.62963,05/17/2022,27.84,17.32
203,mz,Cuyama,Cuyama_2,2,high,34.85362,-119.48598,05/16/2022,27.13,17.4
190,mz,Cuyama,Cuyama_2,1,high,34.85441,-119.48611,05/16/2022,26.3,17.47
320,mz,Cuyama,Cuyama_1,2,open,,,05/21/2022,23,17.49
102,ng,Carrizo,Carrizo_4,2,triangle ,35.11929,-119.62958,05/22/2022,24.58,17.54
168,mz,Cuyama,Cuyama_1,1,high,34.84882,-119.48412,05/16/2022,26.69,17.61
170,mz,Cuyama,Cuyama_1,1,high,34.84875,-119.48398,05/16/2022,27.5,17.61
57,ng,Carrizo,Carrizo_4,1,shrub,35.11949,-119.62963,05/16/2022,27.22,17.64
101,ng,Carrizo,Carrizo_4,2,square,35.11929,-119.62958,05/22/2022,24.75,17.65
205,mz,Cuyama,Cuyama_2,2,high,34.85366,-119.48608,05/16/2022,26.79,17.65
241,mz,Carrizo,Carrizo_4,2,high,35.1193,-119.62838,05/17/2022,27.46,17.65
99,ng,Carrizo,Carrizo_4,1,triangle ,35.11949,-119.62963,05/22/2022,24.37,17.66
232,mz,Carrizo,Carrizo_4,2,high,35.11931,-119.62838,05/17/2022,25.87,17.66
188,mz,Cuyama,Cuyama_2,1,high,34.85429,-119.48615,05/16/2022,26.86,17.66
66,ng,Carrizo,Carrizo_4,4,shrub,35.11908,-119.62946,05/17/2022,25.2,17.72
60,ng,Carrizo,Carrizo_4,2,shrub,35.11929,-119.62958,05/17/2022,26.13,17.72
207,mz,Cuyama,Cuyama_2,2,high,34.85381,-119.48626,05/16/2022,25.79,17.73
76,ng,Carrizo,Carrizo_4,7,square,35.11908,-119.62905,05/17/2022,26.43,17.74
68,ng,Carrizo,Carrizo_4,4,triangle ,35.11908,-119.62946,05/17/2022,26.89,17.75
35,ng,Carrizo,Carrizo_Soda Lake,2,square,35.05614,-119.60146,05/11/2022,19.93,17.78
218,mz,Carrizo,Carrizo_4,1,high,35.11969,-119.62907,05/17/2022,26.26,17.87
98,ng,Carrizo,Carrizo_4,1,square,35.11949,-119.62963,05/22/2022,24.29,17.9
230,mz,Carrizo,Carrizo_4,2,open,,,05/17/2022,25.95,17.92
75,ng,Carrizo,Carrizo_4,7,shrub,35.11908,-119.62905,05/17/2022,25.61,17.94
237,mz,Carrizo,Carrizo_4,2,high,35.11944,-119.62811,05/17/2022,26.6,17.94
261,mz,Carrizo,Carrizo_3,2,high,35.16293,-119.67468,05/17/2022,26.48,17.98
191,mz,Cuyama,Cuyama_2,1,high,34.85447,-119.48622,05/16/2022,26.86,17.98
27,ng,Carrizo,Carrizo_Soda Lake,3,open,35.05614,-119.60146,05/11/2022,19.07,18.05
236,mz,Carrizo,Carrizo_4,2,high,35.11948,-119.62814,05/17/2022,26.71,18.06
28,ng,Carrizo,Carrizo_Soda Lake,4,open,35.05618,-119.60149,05/11/2022,19.24,18.08
262,mz,Carrizo,Carrizo_3,2,high,35.1629,-119.67468,05/17/2022,26.28,18.09
183,mz,Cuyama,Cuyama_1,2,high,34.84917,-119.48407,05/16/2022,25.46,18.12
31,ng,Carrizo,Carrizo_Soda Lake,7,open,35.05627,-119.60138,05/11/2022,18.54,18.14
186,mz,Cuyama,Cuyama_1,2,high,34.84904,-119.48426,05/16/2022,26.61,18.14
200,mz,Cuyama,Cuyama_2,2,high,34.85348,-119.48561,05/16/2022,27.11,18.17
160,mz,Cuyama,Cuyama_1,1,high,34.84867,-119.48421,05/16/2022,26.82,18.21
235,mz,Carrizo,Carrizo_4,2,high,35.11949,-119.62812,05/17/2022,26.17,18.22
97,ng,Carrizo,Carrizo_4,1,shrub,35.11949,-119.62963,05/22/2022,23.58,18.23
67,ng,Carrizo,Carrizo_4,4,square,35.11908,-119.62946,05/17/2022,26.56,18.23
224,mz,Carrizo,Carrizo_4,1,high,35.11949,-119.6288,05/17/2022,25.64,18.3
198,mz,Cuyama,Cuyama_2,2,high,34.85379,-119.48594,05/16/2022,26,18.32
169,mz,Cuyama,Cuyama_1,1,high,34.84882,-119.48399,05/16/2022,28.64,18.36
185,mz,Cuyama,Cuyama_1,2,high,34.84911,-119.48419,05/16/2022,26.83,18.37
71,ng,Carrizo,Carrizo_4,5,triangle ,35.1191,-11962942,05/17/2022,26.52,18.38
30,ng,Carrizo,Carrizo_Soda Lake,6,open,35.05634,-119.60142,05/11/2022,19.14,18.4
167,mz,Cuyama,Cuyama_1,1,high,34.84889,-119.48411,05/16/2022,26.77,18.4
238,mz,Carrizo,Carrizo_4,2,high,35.1194,-119.62821,05/17/2022,25.69,18.41
199,mz,Cuyama,Cuyama_2,2,high,34.85368,-119.48573,05/16/2022,26.74,18.41
266,mz,Carrizo,Carrizo_3,2,high,35.16271,-119.6747,05/17/2022,25.53,18.42
268,mz,Carrizo,Carrizo_3,2,high,35.16273,-119.67458,05/17/2022,25.97,18.42
173,mz,Cuyama,Cuyama_1,1,high,34.84877,-119.48405,05/16/2022,25.63,18.45
184,mz,Cuyama,Cuyama_1,2,high,34.84916,-119.4842,05/16/2022,25.88,18.45
37,ng,Carrizo,Carrizo_Soda Lake,3,square,35.0562,-119.60149,05/11/2022,18.57,18.5
40,ng,Carrizo,Carrizo_Soda Lake,4,triangle ,35.05627,-119.60138,05/11/2022,19.03,18.5
70,ng,Carrizo,Carrizo_4,5,square,35.1191,-11962942,05/17/2022,25.77,18.51
267,mz,Carrizo,Carrizo_3,2,high,35.16269,-119.67458,05/17/2022,25.91,18.54
182,mz,Cuyama,Cuyama_1,2,high,34.84921,-119.48411,05/16/2022,27.17,18.54
179,mz,Cuyama,Cuyama_1,2,high,34.84929,-119.48425,05/16/2022,26.94,18.56
234,mz,Carrizo,Carrizo_4,2,high,35.11961,-119.62805,05/17/2022,25.12,18.59
62,ng,Carrizo,Carrizo_4,2,triangle ,35.11929,-119.62958,05/17/2022,25.7,18.6
226,mz,Carrizo,Carrizo_4,1,high,35.11945,-119.62898,05/17/2022,25.86,18.6
181,mz,Cuyama,Cuyama_1,2,high,34.84928,-119.48416,05/16/2022,27.14,18.62
36,ng,Carrizo,Carrizo_Soda Lake,2,triangle ,35.05614,-119.60146,05/11/2022,18.46,18.63
265,mz,Carrizo,Carrizo_3,2,high,35.16278,-119.67467,05/17/2022,26,18.64
260,mz,Carrizo,Carrizo_3,2,high,35.16292,-119.67452,05/17/2022,26.18,18.65
34,ng,Carrizo,Carrizo_Soda Lake,1,triangle ,35.05621,-119.60119,05/11/2022,18.48,18.66
39,ng,Carrizo,Carrizo_Soda Lake,4,square,35.05627,-119.60138,05/11/2022,18.49,18.66
263,mz,Carrizo,Carrizo_3,2,high,35.16283,-119.67464,05/17/2022,25.1,18.67
178,mz,Cuyama,Cuyama_1,2,high,34.84922,-119.48439,05/16/2022,26.7,18.69
174,mz,Cuyama,Cuyama_1,2,high,34.84901,-119.48436,05/16/2022,27.6,18.73
32,ng,Carrizo,Carrizo_Soda Lake,8,open,35.05621,-119.60126,05/11/2022,18.42,18.75
105,ng,Carrizo,Carrizo_4,3,triangle ,35.11912,-119.62968,05/22/2022,26.16,18.75
33,ng,Carrizo,Carrizo_Soda Lake,1,square,35.05621,-119.60119,05/11/2022,18.8,18.76
166,mz,Cuyama,Cuyama_1,1,high,34.84892,-119.48399,05/16/2022,26.58,18.84
219,mz,Carrizo,Carrizo_4,1,high,35.11969,-119.6289,05/17/2022,25.51,18.85
213,mz,Cuyama,Cuyama_2,1,open,,,05/16/2022,25.03,18.86
242,mz,Carrizo,Carrizo_3,1,open,,,05/17/2022,25.62,18.88
220,mz,Carrizo,Carrizo_4,1,high,35.11967,-119.62882,05/17/2022,25.43,18.89
26,ng,Carrizo,Carrizo_Soda Lake,2,open,35.05613,-119.60137,05/11/2022,17.84,18.92
61,ng,Carrizo,Carrizo_4,2,square,35.11929,-119.62958,05/17/2022,25.01,18.92
41,ng,Carrizo,Carrizo_Soda Lake,1,open,35.05621,-119.60119,05/16/2022,25.6,18.92
228,mz,Carrizo,Carrizo_4,1,open,,,05/17/2022,25,18.96
223,mz,Carrizo,Carrizo_4,1,high,35.11956,-119.62884,05/17/2022,25.28,18.96
175,mz,Cuyama,Cuyama_1,2,high,34.84911,-119.48445,05/16/2022,26.74,18.97
210,mz,Cuyama,Cuyama_1,1,open,,,05/16/2022,26.01,18.98
29,ng,Carrizo,Carrizo_Soda Lake,5,open,35.0562,-119.60149,05/11/2022,19.17,18.99
225,mz,Carrizo,Carrizo_4,1,high,35.11949,-119.6289,05/17/2022,25.24,19
215,mz,Cuyama,Cuyama_2,2,open,,,05/16/2022,25.92,19.09
42,ng,Carrizo,Carrizo_Soda Lake,2,open,35.05613,-119.60137,05/16/2022,25.68,19.11
69,ng,Carrizo,Carrizo_4,5,shrub,35.1191,-11962942,05/17/2022,25.53,19.13
180,mz,Cuyama,Cuyama_1,2,high,34.84934,-119.4842,05/16/2022,26.35,19.16
50,ng,Carrizo,Carrizo_Soda Lake,1,triangle ,35.05621,-119.60119,05/16/2022,25.07,19.17
222,mz,Carrizo,Carrizo_4,1,high,35.11965,-119.62871,05/17/2022,25.34,19.17
177,mz,Cuyama,Cuyama_1,2,high,34.84922,-119.48441,05/16/2022,26.87,19.18
243,mz,Carrizo,Carrizo_3,1,open,,,05/17/2022,24.61,19.2
25,ng,Carrizo,Carrizo_Soda Lake,1,open,35.05621,-119.60119,05/11/2022,18.15,19.25
161,mz,Cuyama,Cuyama_1,1,high,34.84874,-119.48428,05/16/2022,26.13,19.26
264,mz,Carrizo,Carrizo_3,2,high,35.16283,-119.67462,05/17/2022,24.91,19.32
49,ng,Carrizo,Carrizo_Soda Lake,1,square,35.05621,-119.60119,05/16/2022,25.2,19.34
233,mz,Carrizo,Carrizo_4,2,high,35.11953,-119.62814,05/17/2022,25.48,19.34
239,mz,Carrizo,Carrizo_4,2,high,35.11928,-119.62825,05/17/2022,25.29,19.39
221,mz,Carrizo,Carrizo_4,1,high,35.11967,-119.62877,05/17/2022,25.02,19.4
55,ng,Carrizo,Carrizo_Soda Lake,4,square,35.05627,-119.60138,05/16/2022,25.76,19.48
255,mz,Carrizo,Carrizo_3,1,high,35.16309,-119.67374,05/17/2022,25.04,19.49
211,mz,Cuyama,Cuyama_1,2,open,,,05/16/2022,25.59,19.49
48,ng,Carrizo,Carrizo_Soda Lake,8,open,35.05621,-119.60126,05/16/2022,25.15,19.51
165,mz,Cuyama,Cuyama_1,1,high,34.84896,-119.48405,05/16/2022,25.37,19.51
54,ng,Carrizo,Carrizo_Soda Lake,3,triangle ,35.0562,-119.60149,05/16/2022,25.46,19.51
227,mz,Carrizo,Carrizo_4,1,high,35.11951,-119.62896,05/17/2022,24.63,19.52
45,ng,Carrizo,Carrizo_Soda Lake,5,open,35.0562,-119.60149,05/16/2022,25.4,19.52
162,mz,Cuyama,Cuyama_1,1,high,34.84882,-119.48426,05/16/2022,26.3,19.57
46,ng,Carrizo,Carrizo_Soda Lake,6,open,35.05634,-119.60142,05/16/2022,25.04,19.59
246,mz,Carrizo,Carrizo_3,1,high,35.16297,-119.67397,05/17/2022,24.85,19.61
259,mz,Carrizo,Carrizo_3,2,high,35.16291,-119.67451,05/17/2022,24.8,19.63
176,mz,Cuyama,Cuyama_1,2,high,34.84915,-119.48448,05/16/2022,25.91,19.74
256,mz,Carrizo,Carrizo_3,2,high,35.16299,-119.67388,05/17/2022,24.66,19.78
47,ng,Carrizo,Carrizo_Soda Lake,7,open,35.05627,-119.60138,05/16/2022,24.3,19.84
258,mz,Carrizo,Carrizo_3,2,high,35.16288,-119.67448,05/17/2022,24.45,19.96
216,mz,Cuyama,Cuyama_2,2,open,,,05/16/2022,24.75,20.05
248,mz,Carrizo,Carrizo_3,1,high,35.16304,-119.67407,05/17/2022,24.95,20.05
53,ng,Carrizo,Carrizo_Soda Lake,3,square,35.0562,-119.60149,05/16/2022,25.35,20.14
164,mz,Cuyama,Cuyama_1,1,high,34.84894,-119.4841,05/16/2022,25.37,20.21
163,mz,Cuyama,Cuyama_1,1,high,34.84892,-119.48418,05/16/2022,25.71,20.25
254,mz,Carrizo,Carrizo_3,1,high,35.1631,-119.67376,05/17/2022,24.55,20.28
250,mz,Carrizo,Carrizo_3,1,high,35.16315,-119.67398,05/17/2022,23.43,20.33
253,mz,Carrizo,Carrizo_3,1,high,35.16313,-119.67377,05/17/2022,24.18,20.34
56,ng,Carrizo,Carrizo_Soda Lake,4,triangle ,35.05627,-119.60138,05/16/2022,24.05,20.53
249,mz,Carrizo,Carrizo_3,1,high,35.16312,-119.67412,05/17/2022,23.95,20.58
247,mz,Carrizo,Carrizo_3,1,high,35.16303,-119.67406,05/17/2022,24.53,20.6
257,mz,Carrizo,Carrizo_3,2,high,35.16285,-119.67444,05/17/2022,23.98,20.73
52,ng,Carrizo,Carrizo_Soda Lake,2,triangle ,35.05614,-119.60146,05/16/2022,24.02,20.77
251,mz,Carrizo,Carrizo_3,1,high,35.16313,-119.67397,05/17/2022,23.67,20.82
51,ng,Carrizo,Carrizo_Soda Lake,2,square,35.05614,-119.60146,05/16/2022,24.34,20.82
44,ng,Carrizo,Carrizo_Soda Lake,4,open,35.05618,-119.60149,05/16/2022,24.05,21
209,mz,Cuyama,Cuyama_1,1,open,,,05/16/2022,24.63,21
90,mz,Carrizo,Carrizo_3,1,high,35.16312,-119.67412,05/11/2022,17.72,21.05
43,ng,Carrizo,Carrizo_Soda Lake,3,open,35.05614,-119.60146,05/16/2022,25.37,21.11
231,mz,Carrizo,Carrizo_4,2,open,,,05/17/2022,27.13,21.27
229,mz,Carrizo,Carrizo_4,1,open,,,05/17/2022,23.44,21.29
240,mz,Carrizo,Carrizo_4,2,high,35.1193,-119.62836,05/17/2022,27.12,21.3
104,mz,Carrizo,Carrizo_3,2,high,35.16283,-119.67464,05/11/2022,17.55,21.64
89,mz,Carrizo,Carrizo_3,1,high,35.16304,-119.67407,05/11/2022,17.46,21.69
42,mz,Cuyama,Cuyama_2,2,high,34.85355,-119.48567,05/10/2022,17.7,21.71
252,mz,Carrizo,Carrizo_3,1,high,35.16315,-119.67391,05/17/2022,23.04,21.87
88,mz,Carrizo,Carrizo_3,1,high,35.16303,-119.67406,05/11/2022,17.3,22.01
103,mz,Carrizo,Carrizo_3,2,high,35.1629,-119.67468,05/11/2022,18.91,22.18
84,mz,Carrizo,Carrizo_3,1,open,,,05/11/2022,18.4,22.27
71,mz,Carrizo,Carrizo_4,2,open,,,05/11/2022,16.21,22.54
52,mz,Cuyama,Cuyama_1,2,open,,,05/10/2022,19.19,22.6
96,mz,Carrizo,Carrizo_3,1,high,35.16309,-119.67374,05/11/2022,18.03,22.68
50,mz,Cuyama,Cuyama_1,1,open,,,05/10/2022,19.4,22.74
51,mz,Cuyama,Cuyama_1,1,open,,,05/10/2022,20.26,22.74
91,mz,Carrizo,Carrizo_3,1,high,35.16315,-119.67398,05/11/2022,17.25,22.76
87,mz,Carrizo,Carrizo_3,1,high,35.16297,-119.67397,05/11/2022,16.49,22.87
105,mz,Carrizo,Carrizo_3,2,high,35.16283,-119.67462,05/11/2022,16.89,23.06
73,mz,Carrizo,Carrizo_4,2,high,35.11931,-119.62838,05/11/2022,16.74,23.1
79,mz,Carrizo,Carrizo_4,2,high,35.1194,-119.62821,05/11/2022,16.2,23.16
92,mz,Carrizo,Carrizo_3,1,high,35.16313,-119.67397,05/11/2022,16.74,23.26
15,mz,Cuyama,Cuyama_1,2,high,34.84901,-119.48436,05/10/2022,19.09,23.3
16,mz,Cuyama,Cuyama_1,2,high,34.84911,-119.48445,05/10/2022,19.5,23.3
95,mz,Carrizo,Carrizo_3,1,high,35.1631,-119.67376,05/11/2022,17.24,23.38
5,ng,Carrizo,Carrizo_4,2,square,35.11929,-119.62958,05/11/2022,19.04,23.39
22,mz,Cuyama,Cuyama_1,2,high,34.84928,-119.48416,05/10/2022,19.86,23.45
101,mz,Carrizo,Carrizo_3,2,high,35.16292,-119.67452,05/11/2022,17.74,23.46
23,mz,Cuyama,Cuyama_1,2,high,34.84921,-119.48411,05/10/2022,19.72,23.5
82,mz,Carrizo,Carrizo_4,2,high,35.1193,-119.62838,05/11/2022,14.75,23.57
18,mz,Cuyama,Cuyama_1,2,high,34.84922,-119.48441,05/10/2022,19.22,23.57
102,mz,Carrizo,Carrizo_3,2,high,35.16293,-119.67468,05/11/2022,17.73,23.59
8,ng,Carrizo,Carrizo_4,3,square,35.11912,-119.62968,05/11/2022,16.93,23.88
83,mz,Carrizo,Carrizo_3,1,open,,,05/11/2022,16.76,24.02
97,mz,Carrizo,Carrizo_3,2,high,35.16299,-119.67388,05/11/2022,15.82,24.03
20,mz,Cuyama,Cuyama_1,2,high,34.84929,-119.48425,05/10/2022,19.03,24.14
19,mz,Cuyama,Cuyama_1,2,high,34.84922,-119.48439,05/10/2022,19.72,24.18
53,mz,Cuyama,Cuyama_1,2,open,,,05/10/2022,19.34,24.33
17,mz,Cuyama,Cuyama_1,2,high,34.84915,-119.48448,05/10/2022,18.55,24.48
21,mz,Cuyama,Cuyama_1,2,high,34.84934,-119.4842,05/10/2022,19.68,24.57
100,mz,Carrizo,Carrizo_3,2,high,35.16291,-119.67451,05/11/2022,17.36,24.6
24,mz,Cuyama,Cuyama_1,2,high,34.84917,-119.48407,05/10/2022,18.13,24.61
98,mz,Carrizo,Carrizo_3,2,high,35.16285,-119.67444,05/11/2022,16.45,24.63
39,mz,Cuyama,Cuyama_2,2,high,34.85379,-119.48594,05/10/2022,17.72,24.63
72,mz,Carrizo,Carrizo_4,2,open,,,05/11/2022,16.7,24.68
106,mz,Carrizo,Carrizo_3,2,high,35.16278,-119.67467,05/11/2022,17.06,24.74
4,ng,Carrizo,Carrizo_4,2,shrub,35.11929,-119.62958,05/11/2022,16.62,24.94
13,ng,Carrizo,Carrizo_4,5,shrub,35.1191,-11962942,05/11/2022,16.73,24.96
26,mz,Cuyama,Cuyama_1,2,high,34.84911,-119.48419,05/10/2022,17.43,24.98
78,mz,Carrizo,Carrizo_4,2,high,35.11944,-119.62811,05/11/2022,15.27,25.05
80,mz,Carrizo,Carrizo_4,2,high,35.11928,-119.62825,05/11/2022,16.49,25.21
2,ng,Carrizo,Carrizo_4,1,square,35.11949,-119.62963,05/11/2022,14.79,25.22
11,ng,Carrizo,Carrizo_4,4,square,35.11908,-119.62946,05/11/2022,17.73,25.24
25,mz,Cuyama,Cuyama_1,2,high,34.84916,-119.4842,05/10/2022,17.34,25.36
124,ng,Carrizo,Carrizo_Soda Lake,4,open,35.05618,-119.60149,05/28/2022,22.26,25.37
107,mz,Carrizo,Carrizo_3,2,high,35.16271,-119.6747,05/11/2022,16.4,25.43
85,mz,Carrizo,Carrizo_3,2,open,,,05/11/2022,14.16,25.44
6,ng,Carrizo,Carrizo_4,2,triangle ,35.11929,-119.62958,05/11/2022,15.8,25.5
18,ng,Carrizo,Carrizo_4,6,triangle ,35.11912,-119.62924,05/11/2022,16.47,25.55
93,mz,Carrizo,Carrizo_3,1,high,35.16315,-119.67391,05/11/2022,14.74,25.66
38,mz,Cuyama,Cuyama_2,1,high,34.85452,-119.48598,05/10/2022,17.54,25.66
94,mz,Carrizo,Carrizo_3,1,high,35.16313,-119.67377,05/11/2022,15.6,25.74
9,ng,Carrizo,Carrizo_4,3,triangle ,35.11912,-119.62968,05/11/2022,16.32,25.8
12,ng,Carrizo,Carrizo_4,4,triangle ,35.11908,-119.62946,05/11/2022,17.02,25.91
31,mz,Cuyama,Cuyama_2,1,high,34.85441,-119.48611,05/10/2022,16.9,26.24
99,mz,Carrizo,Carrizo_3,2,high,35.16288,-119.67448,05/11/2022,15.49,26.28
34,mz,Cuyama,Cuyama_2,1,high,34.85458,-119.48613,05/10/2022,16.81,26.31
108,mz,Carrizo,Carrizo_3,2,high,35.16269,-119.67458,05/11/2022,15.32,26.42
10,ng,Carrizo,Carrizo_4,4,shrub,35.11908,-119.62946,05/11/2022,16.72,26.6
14,ng,Carrizo,Carrizo_4,5,square,35.1191,-11962942,05/11/2022,15.29,26.61
7,ng,Carrizo,Carrizo_4,3,shrub,35.11912,-119.62968,05/11/2022,15.58,26.64
109,mz,Carrizo,Carrizo_3,2,high,35.16273,-119.67458,05/11/2022,15.31,26.7
456,mz,Cuyama,Cuyama_2,1,high,34.85429,-119.48615,05/28/2022,26.13,26.71
457,mz,Cuyama,Cuyama_2,1,high,34.85437,-119.48611,05/28/2022,26.15,26.83
81,mz,Carrizo,Carrizo_4,2,high,35.1193,-119.62836,05/11/2022,14.71,26.88
30,mz,Cuyama,Cuyama_2,1,high,34.85437,-119.48611,05/10/2022,16.16,26.97
22,ng,Carrizo,Carrizo_4,8,shrub,35.11881,-119.6291,05/11/2022,15.18,26.98
77,mz,Carrizo,Carrizo_4,2,high,35.11948,-119.62814,05/11/2022,15.26,27.06
40,mz,Cuyama,Cuyama_2,2,high,34.85368,-119.48573,05/10/2022,16.31,27.35
74,mz,Carrizo,Carrizo_4,2,high,35.11953,-119.62814,05/11/2022,13.62,27.36
15,ng,Carrizo,Carrizo_4,5,triangle ,35.1191,-11962942,05/11/2022,14.62,27.37
37,mz,Cuyama,Cuyama_2,1,high,34.8546,-119.48595,05/10/2022,16.38,27.53
458,mz,Cuyama,Cuyama_2,1,high,34.85441,-119.48611,05/28/2022,25.65,27.57
66,mz,Carrizo,Carrizo_4,1,high,35.11949,-119.6289,05/11/2022,15.09,27.71
56,mz,Cuyama,Cuyama_2,2,open,,,05/10/2022,16.69,27.73
19,ng,Carrizo,Carrizo_4,7,shrub,35.11908,-119.62905,05/11/2022,13.93,27.81
16,ng,Carrizo,Carrizo_4,6,shrub,35.11912,-119.62924,05/11/2022,15.22,27.83
17,ng,Carrizo,Carrizo_4,6,square,35.11912,-119.62924,05/11/2022,16.17,27.83
23,ng,Carrizo,Carrizo_4,8,square,35.11881,-119.6291,05/11/2022,14.63,27.87
461,mz,Cuyama,Cuyama_2,1,high,34.85458,-119.48613,05/28/2022,24.87,27.97
11,mz,Cuyama,Cuyama_1,1,high,34.84875,-119.48398,05/10/2022,16.98,27.98
470,mz,Cuyama,Cuyama_2,2,high,34.8535,-119.48595,05/28/2022,24.86,28
41,mz,Cuyama,Cuyama_2,2,high,34.85348,-119.48561,05/10/2022,15.52,28.01
57,mz,Cuyama,Cuyama_2,2,open,,,05/10/2022,16.49,28.01
12,mz,Cuyama,Cuyama_1,1,high,34.84874,-119.48393,05/10/2022,16.14,28.03
454,mz,Cuyama,Cuyama_1,2,high,34.84904,-119.48426,05/28/2022,25.72,28.06
484,mz,Cuyama,Cuyama_2,2,open,,,05/28/2022,25.31,28.14
7,mz,Cuyama,Cuyama_1,1,high,34.84892,-119.48399,05/10/2022,16.04,28.19
448,mz,Cuyama,Cuyama_1,2,high,34.84934,-119.4842,05/28/2022,26.59,28.19
54,mz,Cuyama,Cuyama_2,1,open,,,05/10/2022,15.59,28.23
462,mz,Cuyama,Cuyama_2,1,high,34.85465,-119.48612,05/28/2022,24.63,28.27
476,mz,Cuyama,Cuyama_2,2,high,34.85393,-119.48602,05/28/2022,25.15,28.28
24,ng,Carrizo,Carrizo_4,8,triangle ,35.11881,-119.6291,05/11/2022,14.36,28.32
451,mz,Cuyama,Cuyama_1,2,high,34.84917,-119.48407,05/28/2022,24.89,28.32
450,mz,Cuyama,Cuyama_1,2,high,34.84921,-119.48411,05/28/2022,26.01,28.34
75,mz,Carrizo,Carrizo_4,2,high,35.11961,-119.62805,05/11/2022,15.56,28.37
21,ng,Carrizo,Carrizo_4,7,triangle ,35.11908,-119.62905,05/11/2022,14.6,28.4
453,mz,Cuyama,Cuyama_1,2,high,34.84911,-119.48419,05/28/2022,25.25,28.41
55,mz,Cuyama,Cuyama_2,1,open,,,05/10/2022,15.48,28.43
10,mz,Cuyama,Cuyama_1,1,high,34.84882,-119.48399,05/10/2022,15.87,28.48
63,mz,Carrizo,Carrizo_4,1,high,35.11965,-119.62871,05/11/2022,16.21,28.49
452,mz,Cuyama,Cuyama_1,2,high,34.84916,-119.4842,05/28/2022,25.15,28.51
447,mz,Cuyama,Cuyama_1,2,high,34.84929,-119.48425,05/28/2022,26.52,28.54
70,mz,Carrizo,Carrizo_4,1,open,,,05/11/2022,15.7,28.6
465,mz,Cuyama,Cuyama_2,1,high,34.85452,-119.48598,05/28/2022,24.9,28.61
27,mz,Cuyama,Cuyama_1,2,high,34.84904,-119.48426,05/10/2022,16.04,28.64
20,ng,Carrizo,Carrizo_4,7,square,35.11908,-119.62905,05/11/2022,13.74,28.66
464,mz,Cuyama,Cuyama_2,1,high,34.8546,-119.48595,05/28/2022,24.52,28.66
86,mz,Carrizo,Carrizo_3,2,open,,,05/11/2022,15.38,28.72
64,mz,Carrizo,Carrizo_4,1,high,35.11956,-119.62884,05/11/2022,14.94,28.84
449,mz,Cuyama,Cuyama_1,2,high,34.84928,-119.48416,05/28/2022,25.43,28.86
3,ng,Carrizo,Carrizo_4,1,triangle ,35.11949,-119.62963,05/11/2022,15.71,28.87
33,mz,Cuyama,Cuyama_2,1,high,34.85453,-119.48618,05/10/2022,15.91,28.9
471,mz,Cuyama,Cuyama_2,2,high,34.85362,-119.48598,05/28/2022,24.65,28.9
455,mz,Cuyama,Cuyama_2,1,high,34.85431,-119.48598,05/28/2022,25.58,28.93
475,mz,Cuyama,Cuyama_2,2,high,34.85381,-119.48626,05/28/2022,25.02,29.05
468,mz,Cuyama,Cuyama_2,2,high,34.85348,-119.48561,05/28/2022,24.81,29.06
36,mz,Cuyama,Cuyama_2,1,high,34.85471,-119.48601,05/10/2022,15.21,29.11
47,mz,Cuyama,Cuyama_2,2,high,34.85369,-119.48623,05/10/2022,15.75,29.12
45,mz,Cuyama,Cuyama_2,2,high,34.85356,-119.48605,05/10/2022,15.92,29.15
68,mz,Carrizo,Carrizo_4,1,high,35.11951,-119.62896,05/11/2022,14.27,29.18
65,mz,Carrizo,Carrizo_4,1,high,35.11949,-119.6288,05/11/2022,13.98,29.19
58,mz,Carrizo,Carrizo_4,1,high,35.1196,-119.629,05/11/2022,14.72,29.2
9,mz,Cuyama,Cuyama_1,1,high,34.84882,-119.48412,05/10/2022,15.89,29.26
466,mz,Cuyama,Cuyama_2,2,high,34.85379,-119.48594,05/28/2022,24.47,29.29
46,mz,Cuyama,Cuyama_2,2,high,34.85366,-119.48608,05/10/2022,15.03,29.36
463,mz,Cuyama,Cuyama_2,1,high,34.85471,-119.48601,05/28/2022,24.73,29.53
469,mz,Cuyama,Cuyama_2,2,high,34.85355,-119.48567,05/28/2022,24.73,29.61
445,mz,Cuyama,Cuyama_1,2,high,34.84922,-119.48441,05/28/2022,25.65,29.63
446,mz,Cuyama,Cuyama_1,2,high,34.84922,-119.48439,05/28/2022,25.7,29.68
14,mz,Cuyama,Cuyama_1,1,high,34.84877,-119.48405,05/10/2022,14.33,29.75
474,mz,Cuyama,Cuyama_2,2,high,34.85369,-119.48623,05/28/2022,24.3,29.75
29,mz,Cuyama,Cuyama_2,1,high,34.85429,-119.48615,05/10/2022,14.53,29.82
1,ng,Carrizo,Carrizo_4,1,shrub,35.11949,-119.62963,05/11/2022,14.3,29.87
467,mz,Cuyama,Cuyama_2,2,high,34.85368,-119.48573,05/28/2022,24.15,29.91
438,mz,Cuyama,Cuyama_1,1,high,34.84875,-119.48398,05/28/2022,25.77,29.96
460,mz,Cuyama,Cuyama_2,1,high,34.85453,-119.48618,05/28/2022,24.59,29.98
67,mz,Carrizo,Carrizo_4,1,high,35.11945,-119.62898,05/11/2022,14.49,30.06
43,mz,Cuyama,Cuyama_2,2,high,34.8535,-119.48595,05/10/2022,14.05,30.08
76,mz,Carrizo,Carrizo_4,2,high,35.11949,-119.62812,05/11/2022,13.97,30.1
62,mz,Carrizo,Carrizo_4,1,high,35.11967,-119.62877,05/11/2022,14.75,30.11
442,mz,Cuyama,Cuyama_1,2,high,34.84901,-119.48436,05/28/2022,25.01,30.13
439,mz,Cuyama,Cuyama_1,1,high,34.84874,-119.48393,05/28/2022,25.37,30.14
436,mz,Cuyama,Cuyama_1,1,high,34.84882,-119.48412,05/28/2022,25.38,30.14
479,mz,Cuyama,Cuyama_1,2,open,,,05/28/2022,25.29,30.15
441,mz,Cuyama,Cuyama_1,1,high,34.84877,-119.48405,05/28/2022,25.67,30.26
459,mz,Cuyama,Cuyama_2,1,high,34.85447,-119.48622,05/28/2022,24.06,30.3
32,mz,Cuyama,Cuyama_2,1,high,34.85447,-119.48622,05/10/2022,14.64,30.33
61,mz,Carrizo,Carrizo_4,1,high,35.11967,-119.62882,05/11/2022,14.21,30.39
430,mz,Cuyama,Cuyama_1,1,high,34.84882,-119.48426,05/28/2022,25.67,30.46
428,mz,Cuyama,Cuyama_1,1,high,34.84867,-119.48421,05/28/2022,25.36,30.53
44,mz,Cuyama,Cuyama_2,2,high,34.85362,-119.48598,05/10/2022,15.23,30.55
434,mz,Cuyama,Cuyama_1,1,high,34.84892,-119.48399,05/28/2022,25.31,30.55
435,mz,Cuyama,Cuyama_1,1,high,34.84889,-119.48411,05/28/2022,25.2,30.61
35,mz,Cuyama,Cuyama_2,1,high,34.85465,-119.48612,05/10/2022,13.91,30.73
431,mz,Cuyama,Cuyama_1,1,high,34.84892,-119.48418,05/28/2022,24.86,30.77
1,mz,Cuyama,Cuyama_1,1,high,34.84867,-119.48421,05/10/2022,14.86,30.78
437,mz,Cuyama,Cuyama_1,1,high,34.84882,-119.48399,05/28/2022,25.42,30.79
473,mz,Cuyama,Cuyama_2,2,high,34.85366,-119.48608,05/28/2022,24.2,30.84
2,mz,Cuyama,Cuyama_1,1,high,34.84874,-119.48428,05/10/2022,15.19,30.86
444,mz,Cuyama,Cuyama_1,2,high,34.84915,-119.48448,05/28/2022,24.95,30.88
8,mz,Cuyama,Cuyama_1,1,high,34.84889,-119.48411,05/10/2022,14.53,30.9
440,mz,Cuyama,Cuyama_1,1,high,34.84865,-119.48393,05/28/2022,25.21,31.01
429,mz,Cuyama,Cuyama_1,1,high,34.84874,-119.48428,05/28/2022,25.52,31.19
13,mz,Cuyama,Cuyama_1,1,high,34.84865,-119.48393,05/10/2022,13.57,31.28
472,mz,Cuyama,Cuyama_2,2,high,34.85356,-119.48605,05/28/2022,23.86,31.39
48,mz,Cuyama,Cuyama_2,2,high,34.85381,-119.48626,05/10/2022,14.38,31.44
443,mz,Cuyama,Cuyama_1,2,high,34.84911,-119.48445,05/28/2022,24.53,31.5
28,mz,Cuyama,Cuyama_2,1,high,34.85431,-119.48598,05/10/2022,14.22,31.72
59,mz,Carrizo,Carrizo_4,1,high,35.11969,-119.62907,05/11/2022,13.6,31.73
483,mz,Cuyama,Cuyama_2,2,open,,,05/28/2022,24.26,32
432,mz,Cuyama,Cuyama_1,1,high,34.84894,-119.4841,05/28/2022,24.39,32.06
5,mz,Cuyama,Cuyama_1,1,high,34.84894,-119.4841,05/10/2022,13.35,32.18
433,mz,Cuyama,Cuyama_1,1,high,34.84896,-119.48405,05/28/2022,24.79,32.2
60,mz,Carrizo,Carrizo_4,1,high,35.11969,-119.6289,05/11/2022,14.15,32.28
49,mz,Cuyama,Cuyama_2,2,high,34.85393,-119.48602,05/10/2022,13.45,32.29
136,ng,Carrizo,Carrizo_Soda Lake,4,triangle ,35.05627,-119.60138,05/28/2022,25,32.3
481,mz,Cuyama,Cuyama_2,1,open,,,05/28/2022,23.73,32.4
6,mz,Cuyama,Cuyama_1,1,high,34.84896,-119.48405,05/10/2022,13.5,32.52
477,mz,Cuyama,Cuyama_1,1,open,,,05/28/2022,24.18,32.58
4,mz,Cuyama,Cuyama_1,1,high,34.84892,-119.48418,05/10/2022,13.18,32.63
3,mz,Cuyama,Cuyama_1,1,high,34.84882,-119.48426,05/10/2022,14.62,32.71
480,mz,Cuyama,Cuyama_1,2,open,,,05/28/2022,23.9,32.96
478,mz,Cuyama,Cuyama_1,1,open,,,05/28/2022,23.93,32.99
69,mz,Carrizo,Carrizo_4,1,open,,,05/11/2022,12.74,33
482,mz,Cuyama,Cuyama_2,1,open,,,05/28/2022,28.35,33.67
127,ng,Carrizo,Carrizo_Soda Lake,7,open,35.05627,-119.60138,05/28/2022,23.22,34.39
485,mz,Carrizo,Carrizo_4,1,high,35.1196,-119.629,05/29/2022,24.39,34.67
147,ng,Carrizo,Carrizo_4,4,square,35.11908,-119.62946,05/29/2022,22.3,34.72
126,ng,Carrizo,Carrizo_Soda Lake,6,open,35.05634,-119.60142,05/28/2022,22.16,35.01
128,ng,Carrizo,Carrizo_Soda Lake,8,open,35.05621,-119.60126,05/28/2022,22.67,35.12
135,ng,Carrizo,Carrizo_Soda Lake,4,square,35.05627,-119.60138,05/28/2022,22.67,35.12
123,ng,Carrizo,Carrizo_Soda Lake,3,open,35.05614,-119.60146,05/28/2022,23.08,35.21
142,ng,Carrizo,Carrizo_4,2,triangle ,35.11929,-119.62958,05/29/2022,22.91,35.25
132,ng,Carrizo,Carrizo_Soda Lake,2,triangle ,35.05614,-119.60146,05/28/2022,23.39,35.29
137,ng,Carrizo,Carrizo_4,1,shrub,35.11949,-119.62963,05/29/2022,23.08,35.66
125,ng,Carrizo,Carrizo_Soda Lake,5,open,35.0562,-119.60149,05/28/2022,21.9,36.01
155,ng,Carrizo,Carrizo_4,7,shrub,35.11908,-119.62905,05/29/2022,21.27,36.34
486,mz,Carrizo,Carrizo_4,1,high,35.11969,-119.62907,05/29/2022,22.01,36.47
158,ng,Carrizo,Carrizo_4,8,shrub,35.11881,-119.6291,05/29/2022,21.3,36.48
131,ng,Carrizo,Carrizo_Soda Lake,2,square,35.05614,-119.60146,05/28/2022,22.34,36.6
150,ng,Carrizo,Carrizo_4,5,square,35.1191,-11962942,05/29/2022,23.15,36.76
153,ng,Carrizo,Carrizo_4,6,square,35.11912,-119.62924,05/29/2022,21.8,36.89
499,mz,Carrizo,Carrizo_4,2,open,,,05/29/2022,22.28,36.98
151,ng,Carrizo,Carrizo_4,5,triangle ,35.1191,-11962942,05/29/2022,22.73,37
134,ng,Carrizo,Carrizo_Soda Lake,3,triangle ,35.0562,-119.60149,05/28/2022,22.04,37.01
122,ng,Carrizo,Carrizo_Soda Lake,2,open,35.05613,-119.60137,05/28/2022,21.71,37.17
156,ng,Carrizo,Carrizo_4,7,square,35.11908,-119.62905,05/29/2022,20.55,37.23
159,ng,Carrizo,Carrizo_4,8,square,35.11881,-119.6291,05/29/2022,22,37.27
506,mz,Carrizo,Carrizo_4,2,high,35.1194,-119.62821,05/29/2022,22.56,37.29
121,ng,Carrizo,Carrizo_Soda Lake,1,open,35.05621,-119.60119,05/28/2022,22.2,37.44
160,ng,Carrizo,Carrizo_4,8,triangle ,35.11881,-119.6291,05/29/2022,21.49,37.45
510,mz,Carrizo,Carrizo_3,1,open,,,05/29/2022,21.72,37.46
148,ng,Carrizo,Carrizo_4,4,triangle ,35.11908,-119.62946,05/29/2022,22.38,37.63
133,ng,Carrizo,Carrizo_Soda Lake,3,square,35.0562,-119.60149,05/28/2022,21.32,37.68
129,ng,Carrizo,Carrizo_Soda Lake,1,square,35.05621,-119.60119,05/28/2022,21.9,37.7
154,ng,Carrizo,Carrizo_4,6,triangle ,35.11912,-119.62924,05/29/2022,21.39,38
157,ng,Carrizo,Carrizo_4,7,triangle ,35.11908,-119.62905,05/29/2022,20.82,38.09
144,ng,Carrizo,Carrizo_4,3,square,35.11912,-119.62968,05/29/2022,21.65,38.2
146,ng,Carrizo,Carrizo_4,4,shrub,35.11908,-119.62946,05/29/2022,21.7,38.23
141,ng,Carrizo,Carrizo_4,2,square,35.11929,-119.62958,05/29/2022,21.92,38.37
143,ng,Carrizo,Carrizo_4,3,shrub,35.11912,-119.62968,05/29/2022,21.38,38.45
500,mz,Carrizo,Carrizo_4,2,high,35.11931,-119.62838,05/29/2022,21.49,38.45
138,ng,Carrizo,Carrizo_4,1,square,35.11949,-119.62963,05/29/2022,22.43,38.45
140,ng,Carrizo,Carrizo_4,2,shrub,35.11929,-119.62958,05/29/2022,21.58,38.74
512,mz,Carrizo,Carrizo_3,2,open,,,05/29/2022,21.22,38.82
505,mz,Carrizo,Carrizo_4,2,high,35.11944,-119.62811,05/29/2022,22.1,39.1
152,ng,Carrizo,Carrizo_4,6,shrub,35.11912,-119.62924,05/29/2022,21.52,39.19
145,ng,Carrizo,Carrizo_4,3,triangle ,35.11912,-119.62968,05/29/2022,20.69,39.32
504,mz,Carrizo,Carrizo_4,2,high,35.11948,-119.62814,05/29/2022,21.68,39.33
149,ng,Carrizo,Carrizo_4,5,shrub,35.1191,-11962942,05/29/2022,21.36,39.37
507,mz,Carrizo,Carrizo_4,2,high,35.11928,-119.62825,05/29/2022,21.07,39.43
130,ng,Carrizo,Carrizo_Soda Lake,1,triangle ,35.05621,-119.60119,05/28/2022,23.1,39.68
525,mz,Carrizo,Carrizo_3,2,high,35.16285,-119.67444,05/29/2022,21.42,39.7
503,mz,Carrizo,Carrizo_4,2,high,35.11949,-119.62812,05/29/2022,21.71,39.85
508,mz,Carrizo,Carrizo_4,2,high,35.1193,-119.62836,05/29/2022,20.71,39.94
496,mz,Carrizo,Carrizo_4,1,open,,,05/29/2022,20.32,39.97
524,mz,Carrizo,Carrizo_3,2,high,35.16299,-119.67388,05/29/2022,20.7,40.08
523,mz,Carrizo,Carrizo_3,1,high,35.16309,-119.67374,05/29/2022,20.83,40.28
526,mz,Carrizo,Carrizo_3,2,high,35.16288,-119.67448,05/29/2022,20.13,40.48
139,ng,Carrizo,Carrizo_4,1,triangle ,35.11949,-119.62963,05/29/2022,20.49,40.54
498,mz,Carrizo,Carrizo_4,2,open,,,05/29/2022,20.81,41.31
509,mz,Carrizo,Carrizo_4,2,high,35.1193,-119.62838,05/29/2022,19.96,41.4
522,mz,Carrizo,Carrizo_3,1,high,35.1631,-119.67376,05/29/2022,20.79,41.74
519,mz,Carrizo,Carrizo_3,1,high,35.16313,-119.67397,05/29/2022,20.37,41.8
527,mz,Carrizo,Carrizo_3,2,high,35.16291,-119.67451,05/29/2022,19.49,42.16
513,mz,Carrizo,Carrizo_3,2,open,,,05/29/2022,19.3,42.33
501,mz,Carrizo,Carrizo_4,2,high,35.11953,-119.62814,05/29/2022,20.39,42.42
502,mz,Carrizo,Carrizo_4,2,high,35.11961,-119.62805,05/29/2022,20.62,42.42
514,mz,Carrizo,Carrizo_3,1,high,35.16297,-119.67397,05/29/2022,20.05,42.59
528,mz,Carrizo,Carrizo_3,2,high,35.16292,-119.67452,05/29/2022,20.14,42.64
520,mz,Carrizo,Carrizo_3,1,high,35.16315,-119.67391,05/29/2022,19.73,42.73
518,mz,Carrizo,Carrizo_3,1,high,35.16315,-119.67398,05/29/2022,19.92,43.09
529,mz,Carrizo,Carrizo_3,2,high,35.16293,-119.67468,05/29/2022,18.99,43.39
517,mz,Carrizo,Carrizo_3,1,high,35.16312,-119.67412,05/29/2022,19.44,43.54
521,mz,Carrizo,Carrizo_3,1,high,35.16313,-119.67377,05/29/2022,19.69,43.58
487,mz,Carrizo,Carrizo_4,1,high,35.11969,-119.6289,05/29/2022,19.17,43.72
497,mz,Carrizo,Carrizo_4,1,open,,,05/29/2022,20.13,43.77
495,mz,Carrizo,Carrizo_4,1,high,35.11951,-119.62896,05/29/2022,19.51,43.9
515,mz,Carrizo,Carrizo_3,1,high,35.16303,-119.67406,05/29/2022,19.02,44.03
494,mz,Carrizo,Carrizo_4,1,high,35.11945,-119.62898,05/29/2022,19.54,44.23
530,mz,Carrizo,Carrizo_3,2,high,35.1629,-119.67468,05/29/2022,18.94,44.3
534,mz,Carrizo,Carrizo_3,2,high,35.16271,-119.6747,05/29/2022,19.02,44.4
531,mz,Carrizo,Carrizo_3,2,high,35.16283,-119.67464,05/29/2022,18.58,44.58
533,mz,Carrizo,Carrizo_3,2,high,35.16278,-119.67467,05/29/2022,18.31,44.7
536,mz,Carrizo,Carrizo_3,2,high,35.16273,-119.67458,05/29/2022,19.1,44.71
535,mz,Carrizo,Carrizo_3,2,high,35.16269,-119.67458,05/29/2022,18.5,44.73
532,mz,Carrizo,Carrizo_3,2,high,35.16283,-119.67462,05/29/2022,18.49,44.79
511,mz,Carrizo,Carrizo_3,1,open,,,05/29/2022,18.58,44.91
516,mz,Carrizo,Carrizo_3,1,high,35.16304,-119.67407,05/29/2022,18.72,45.29
492,mz,Carrizo,Carrizo_4,1,high,35.11949,-119.6288,05/29/2022,18.66,45.73
493,mz,Carrizo,Carrizo_4,1,high,35.11949,-119.6289,05/29/2022,18.91,45.93
491,mz,Carrizo,Carrizo_4,1,high,35.11956,-119.62884,05/29/2022,18.58,46.15
488,mz,Carrizo,Carrizo_4,1,high,35.11967,-119.62882,05/29/2022,18.08,46.3
489,mz,Carrizo,Carrizo_4,1,high,35.11967,-119.62877,05/29/2022,18.39,46.55
490,mz,Carrizo,Carrizo_4,1,high,35.11965,-119.62871,05/29/2022,18.43,47
212,mz,Cuyama,Cuyama_1,2,open,,,05/16/2022,24.86,19.58
537,mz,Mojave,Tecopa,1,high,35.85288,-116.18394,06/03/2022,,
538,mz,Mojave,Tecopa,1,high,35.85284,-116.18388,06/03/2022,,
539,mz,Mojave,Tecopa,1,high,35.85284,-116.18385,06/03/2022,,
540,mz,Mojave,Tecopa,1,high,35.85281,-116.18369,06/03/2022,,
541,mz,Mojave,Tecopa,1,high,35.8528,-116.18368,06/03/2022,,
542,mz,Mojave,Tecopa,1,high,35.85278,-116.18374,06/03/2022,,
543,mz,Mojave,Tecopa,1,high,35.85269,-116.18375,06/03/2022,,
544,mz,Mojave,Tecopa,1,high,35.85268,-116.18375,06/03/2022,,
545,mz,Mojave,Tecopa,1,high,35.85274,-116.18382,06/03/2022,,
546,mz,Mojave,Tecopa,1,high,35.85277,-116.18387,06/03/2022,,
547,mz,Mojave,Tecopa,2,high,35.8529,-116.18345,06/03/2022,,
548,mz,Mojave,Tecopa,2,high,35.85289,-116.18333,06/03/2022,,
549,mz,Mojave,Tecopa,2,high,35.85285,-116.18329,06/03/2022,,
550,mz,Mojave,Tecopa,2,high,35.85288,-116.1833,06/03/2022,,
551,mz,Mojave,Tecopa,2,high,35.85283,-116.18314,06/03/2022,,
552,mz,Mojave,Tecopa,2,high,35.85272,-116.1832,06/03/2022,,
553,mz,Mojave,Tecopa,2,high,35.85273,-116.18323,06/03/2022,,
554,mz,Mojave,Tecopa,2,high,35.85275,-116.18326,06/03/2022,,
555,mz,Mojave,Tecopa,2,high,35.85271,-116.1833,06/03/2022,,
556,mz,Mojave,Tecopa,2,high,35.85284,-116.18341,06/03/2022,,
557,mz,Mojave,Tecopa,2,high,35.85283,-116.18346,06/03/2022,,
558,mz,Mojave,Tecopa,3,high,35.85294,-116.18427,06/03/2022,,
559,mz,Mojave,Tecopa,3,high,35.85291,-116.1843,06/03/2022,,
560,mz,Mojave,Tecopa,3,high,35.85288,-116.18421,06/03/2022,,
561,mz,Mojave,Tecopa,3,high,35.85278,-116.18414,06/03/2022,,
562,mz,Mojave,Tecopa,3,high,35.85274,-116.18415,06/03/2022,,
563,mz,Mojave,Tecopa,3,high,35.85268,-116.18417,06/03/2022,,
564,mz,Mojave,Tecopa,3,high,35.85269,-116.18409,06/03/2022,,
565,mz,Mojave,Tecopa,3,high,35.85266,-116.18423,06/03/2022,,
566,mz,Mojave,Tecopa,3,high,35.85268,-116.18422,06/03/2022,,
567,mz,Mojave,Tecopa,3,high,35.8528,-116.18428,06/03/2022,,
568,mz,Mojave,Tecopa,3,high,35.85287,-116.18432,06/03/2022,,
569,mz,Mojave,Tecopa,4,high,35.85282,-116.18468,06/03/2022,,
570,mz,Mojave,Tecopa,4,high,35.85278,-116.18451,06/03/2022,,
571,mz,Mojave,Tecopa,4,high,35.85276,-116.18447,06/03/2022,,
572,mz,Mojave,Tecopa,4,high,35.85263,-116.18444,06/03/2022,,
573,mz,Mojave,Tecopa,4,high,35.85263,-116.18448,06/03/2022,,
574,mz,Mojave,Tecopa,4,high,35.85258,-116.1845,06/03/2022,,
575,mz,Mojave,Tecopa,4,high,35.85253,-116.18451,06/03/2022,,
576,mz,Mojave,Tecopa,4,high,35.85265,-116.18465,06/03/2022,,
577,mz,Mojave,Tecopa,4,high,35.85263,-116.18472,06/03/2022,,
578,mz,Mojave,Tecopa,4,high,35.85285,-116.18472,06/03/2022,,
579,mz,Mojave,Tecopa,1,open,,,06/03/2022,,
580,mz,Mojave,Tecopa,1,open,,,06/03/2022,,
581,mz,Mojave,Tecopa,2,open,,,06/03/2022,,
582,mz,Mojave,Tecopa,2,open,,,06/03/2022,,
583,mz,Mojave,Tecopa,3,open,,,06/03/2022,,
584,mz,Mojave,Tecopa,3,open,,,06/03/2022,,
585,mz,Mojave,Tecopa,4,open,,,06/03/2022,,
586,mz,Mojave,Tecopa,4,open,,,06/03/2022,,